Поз.;Наименование;Номинал / тип;Кол-во;Примечание
A1;Отладочная плата;ESP32 DevKitC V4 (WROOM-32);1;На гнёздах PBS 2×19 (шаг 2,54, ряды 25,4 мм)
A2;Модуль DC-DC понижающий;MP1584EN, выход 5,0 В;1;Выставить 5,0 В до установки A1
C1;Конденсатор электролитический;220 мкФ 35 В, ⌀8 мм;1;Вход питания
C2;Конденсатор керамический;22 мкФ 16 В X5R, 1206;1;Выход A2
C3–C6;Конденсатор керамический;100 нФ 50 В X7R, 0805;4;Фильтры АЦП
D1;Диод Шоттки;SS34, SMA;1;Защита от переполюсовки
D2;TVS-диод;SMBJ24A, SMB;1;Защита от выбросов бортсети
D3;Диод выпрямительный;M7 (1N4007), SMA;1;Вход тахометра
D4–D10;Диод импульсный;1N4148W, SOD-123;7;Обратная защита светодиодов: тахометр + 6 входов типа A
F1;Предохранитель;1 А, TR5 (шаг 5,08);1;
R1;Резистор;4,7 кОм 1 Вт, выводной;1;Вход тахометра (до 400 В)
R2, R13–R23;Резистор;2,2 кОм 0805;12;Входы оптопар: скорость + 11 ламп
R3, R5;Резистор;100 кОм 0805;2;Делители VBAT, D+
R4, R6;Резистор;22 кОм 0805;2;Делители VBAT, D+
R7;Резистор;100 Ом 0805;1;Подтяжка датчика топлива (не 330: полный бак должен давать > 150 мВ на АЦП)
R8–R10;Резистор;1 кОм 0805;3;R9 — подтяжка ТМ-106, R8 и R10 — последовательные на АЦП
R11, R12, R24–R34;Резистор;10 кОм 0805;13;Подтяжки выходов оптопар к +3V3
U1;Оптопара;PC817, DIP-4;1;Тахометр
U2–U4;Оптопара 4-канальная;PC847, DIP-16;3;Скорость и 11 ламп (каналы — лист 5)
X1;Клеммник;19 конт., шаг 3,81 (DG/KF2EDG 3,81);1;Вилка на плату + розетка к жгуту
Z1, Z2;Стабилитрон;BZX84C3V3, SOT-23;2;Защита входов АЦП VBAT, D+
—;Плата печатная;100×70 мм, 2 слоя, FR-4 1,5 мм;1;hardware/pcb
—;Гнёзда PBS;1×19, шаг 2,54;2;Под A1
—;Корпус;110×80×35 мм, ABS;1;Отверстия: USB справа, жгут снизу
—;Замок ремня водителя с концевиком;от Lada Kalina/Priora;1;На 2109 штатно датчика нет
—;Датчик скорости;ВАЗ-2110 (2111-3843010);1;На привод спидометра КПП вместо троса
—;Лампа (резистор) возбуждения ген.;лампа 12 В 2 Вт или 100 Ом 2 Вт;1;ОБЯЗАТЕЛЬНО между +12V_IGN и D+ (вне платы)
—;Планшет;Android 7–8″ с Wi-Fi;1;Любой браузер
—;Рамка крепления планшета;PETG, 3D-печать;1;Размер по месту
